artist,content,date,ip,like,nickname,title,uid,unlike,url,view
방탄소년단, 그걸 안해서 문제인거지 지금 음정팀이 꾹정팀 이름달고 저러면 누가 뭐라하냐고 꾹정팀 아니라고 뿡 이름 떼면 누가 뭐라하겠어 엄연히 뿡 이름 달고 한멤만 밀어주기식으로 구니까 그러는거지 이걸 문제삼는 걸 구걸이라고 말하는 게 웃긴거임 ,2024-01-01,106.101,61,ㅇㅇ,개인입맛에 맞게하려면 단체명 떼면 되자나,,0,https://gall.dcinside.com/board/view/?id=bts&no=10754484&page=19929,583
방탄소년단, 양심 좀 가져 ,2024-01-01,118.235,2,방갤러,585위앰아 라도 팰때부터 585위앰이 다 팸,,0,https://gall.dcinside.com/board/view/?id=bts&no=10754491&page=19929,67
방탄소년단, 지새끼 같이 안빨고 찜만 빨면 찜도 뿡 아니라며 탈퇴 총공이라도 하던가 방구석에서 뿡갤이나 하는 주제에 지가 뿡인줄 착각하나봄? ,2024-01-01,118.235,19,ㅇㅇ,6정팀인지 담정팀인지 찜 맘에 안들면 탈퇴 실트 올려,,0,https://gall.dcinside.com/board/view/?id=bts&no=10754505&page=19929,250
방탄소년단, ㅇ ,2024-01-01,118.235,7,방갤러,1분1초가 되면 죄다 곡 1분 1초씩만 돌리면되긔,,0,https://gall.dcinside.com/board/view/?id=bts&no=10754521&page=19929,108
방탄소년단, 일을 저따위로 할꺼면 ,2024-01-01,118.235,0,ㅇㅇ,단체음정팀은 단체곡만 하고 딴거는 말아야지,,0,https://gall.dcinside.com/board/view/?id=bts&no=10754530&page=19929,89
방탄소년단, 존나 아미들 이용해 꾹성적 올리는데 다 해먹음 개폭해라 ,2024-01-01,223.38,14,ㅇㅇ,뿡음정팀=꾹음정팀,,0,https://gall.dcinside.com/board/view/?id=bts&no=10754538&page=19929,66
방탄소년단, 세습이라 불가능해 ,2024-01-01,118.235,2,방갤러,점찍고 돌아왔다고 뿡정팀 말 안했던가,,0,https://gall.dcinside.com/board/view/?id=bts&no=10754547&page=19929,118
방탄소년단, 재인증필수고 ㅇㅇ 그룹 팬인증 필수(스텝1) + 개인앰 6명(스텝2~7) 이렇게 하면 오히려 공평하다 ,2024-01-01,118.235,0,ㅇㅇ,뿡정팀 시스템 개발자 두고 나머지 스텝 다시 뽑아서 제대로 하면 돼,,0,https://gall.dcinside.com/board/view/?id=bts&no=10754560&page=19929,85
방탄소년단, ㅇ ,2024-01-01,118.235,18,방갤러,단체음정팀은 단체만하게 하고 개인한테 손 떼도록 해야해,,0,https://gall.dcinside.com/board/view/?id=bts&no=10754578&page=19928,126
방탄소년단, 이새끼 ,2024-01-01,106.102,18,ㅇㅇ,시끄러워 죽겠노,,1,https://gall.dcinside.com/board/view/?id=bts&no=10754591&page=19928,370
방탄소년단, 착한거 나쁜거 다했네 ,2024-01-01,223.62,6,ㅇㅇ,우미줌마 음원 펀딩계에도 돈내고 기부도한거노,,3,https://gall.dcinside.com/board/view/?id=bts&no=10754611&page=19928,488
방탄소년단, 그래미 후보 방탄 말이 안된다고 디스한분인데 이번 제니 정규1집 앨범 합류하심 ㅋㅋㅋ ,2024-01-01,221.146,14,어즈,그래미후보때 방탄 디스한 마이크딘 제니 정규1집 합류함ㅋ,,0,https://gall.dcinside.com/board/view/?id=bts&no=10754633&page=19928,353
방탄소년단, 형제가 암울하네 ,2024-01-01,211.234,5,ㅇㅇ,찜동생 찜이랑 닮았어?,,12,https://gall.dcinside.com/board/view/?id=bts&no=10754645&page=19928,561
방탄소년단, 난 돈주고 유튭 안봐 ,2024-01-01,118.235,7,방갤러,결국 디어스 유툽컨텐츠 유료화하겠다는 뜻인데 누가봐,,1,https://gall.dcinside.com/board/view/?id=bts&no=10754657&page=19928,167
방탄소년단, 통피로 지랄말고 뭐가 루머를 싼건지 그게 왜 다 찜앰인지 논리적으로 말을 해봐 새해부터 찜동생갖고도 개소리하는 개병신도 있건만 그건 안보이냐?ㅋ ,2024-01-01,106.101,3,ㅇㅇ,이 꾹악개 뭔 루머를 쌌다고  찜앰힌테 지랄임???,,0,https://gall.dcinside.com/board/view/?id=bts&no=10754678&page=19928,155
방탄소년단, ,2024-01-01,118.235,10,ㅇㅇ,잉국 헤롯백화점 영상 생각보다 훨씬 크네,,0,https://gall.dcinside.com/board/view/?id=bts&no=10754699&page=19928,317
방탄소년단, 잡지도 안 사주는 앰들이 수백 수천짜리 잘도 사주겠다 디올도 이제 깨달았을거긔 ㅂㅂ ,2024-01-01,118.235,0,ㅇㅇ,캠페인 해주면 뭐 하냐고 ,,2,https://gall.dcinside.com/board/view/?id=bts&no=10754722&page=19927,101
방탄소년단, 아 우리흥한테 따였나 ,2024-01-01,175.223,1,ㅇㅇ,오랜만에와봤더니 이년들은 아직도 앰버로 발광이네 가서 빤쓰나 사 ,,0,https://gall.dcinside.com/board/view/?id=bts&no=10754750&page=19927,63
방탄소년단, ,2024-01-01,125.138,51,ㅇㅇ,뭔가 뇌가 고장난년들 같음 디올캠페인 규모보고도 헛소리하는거보면,,0,https://gall.dcinside.com/board/view/?id=bts&no=10754800&page=19927,836
방탄소년단," 난 4,5월쯤이라고 봄 ",2024-01-01,113.30,0,ㅇㅇ,느그들은 이적기사 몇월에 나올거같냐  느그들도 감이란게 있자나,,0,https://gall.dcinside.com/board/view/?id=bts&no=10754824&page=19927,144
방탄소년단, 속옷광고 ,2024-01-01,118.235,4,ㅇㅇ,좆돌이 광고계약해놓고도 찍지도못하고 짤린거 최초아니냐고,,0,https://gall.dcinside.com/board/view/?id=bts&no=10754835&page=19927,269
방탄소년단, ㄲ한테 발정푸나봐 ㅠㅠ 어떻게든 광부 압픈톡 형사처벌 빡쎄게 받게해줌 ^^ ,2024-01-01,118.235,8,ㅇㅇ,천년의 욕정도 식어서,,8,https://gall.dcinside.com/board/view/?id=bts&no=10754932&page=19927,294
방탄소년단, 뭐긔 ? ,2024-01-01,118.235,1,ㅇㅇ,샌드박스 저게 뭐긔?,,2,https://gall.dcinside.com/board/view/?id=bts&no=10755003&page=19927,412
방탄소년단, ㅇ ,2024-01-01,223.38,10,ㅇㅇ,짜고치는 고스톱은 쳐맞아야하긔,,0,https://gall.dcinside.com/board/view/?id=bts&no=10755015&page=19927,140
방탄소년단, 말듣는 거 못본거같음 ,2024-01-01,211.234,17,ㅇㅇ,좆소는 더해봐 이러고 더지랄하는 스탈같음,,0,https://gall.dcinside.com/board/view/?id=bts&no=10755033&page=19927,139
방탄소년단, 인간 뒷광고도 하노 ㅋㅋㅋㅋㅋ ,2024-01-01,211.234,12,ㅇㅇ,뒷광고 좋아하더니 ,,0,https://gall.dcinside.com/board/view/?id=bts&no=10755046&page=19926,173
방탄소년단, 벌써 ,2024-01-01,223.38,0,ㅇㅇ,콕 28 ㅊㅋㅊㅋ,,0,https://gall.dcinside.com/board/view/?id=bts&no=10755054&page=19926,86
방탄소년단, ,2024-01-01,118.235,2,ㅇㅇ,뿡갤련들아 올해는 사람 좀 되자,,0,https://gall.dcinside.com/board/view/?id=bts&no=10755063&page=19926,68
방탄소년단, 저게 아티스트 회사맞노 작업물 퀄 높일 생각은 안하구 프로모로 성적올리구 바이럴 돌릴 생각만하니 ,2024-01-01,211.234,79,ㅇㅇ,상장하더니 이상한 회사가 됐음,,0,https://gall.dcinside.com/board/view/?id=bts&no=10755076&page=19926,721
방탄소년단, 거기서 주로 정크 언급할테니 ㅋㅋㅋ ,2024-01-01,39.7,3,ㅇㅇ,정크줌들 샌드박스만 봐야겠노,,0,https://gall.dcinside.com/board/view/?id=bts&no=10755089&page=19926,65
방탄소년단, 골라내고 ㅋㅋㅋ 그래서 광고 안뜨게 회사와 계약함 근데 계약기사 떠서 ,2024-01-01,211.234,31,ㅇㅇ,여기년들 때문이긔 프로모한 틱톡 귀신같이,,0,https://gall.dcinside.com/board/view/?id=bts&no=10755097&page=19926,277
방탄소년단, 포말론 앱이 찜라크 합산해주라고 한소리 했거든 좆소는 음침해서김치든 조국이든 찜한테 호의보이는 사람들 다 좆소일로 묶어버리고 더이상 찜언급 못하게 하긔 임진모 김영대 다 그랬고 빌보드 찜앱인 테트리스 아재 찜없을때 초대한거봐 리액셔너들도 찜 언급 못하게 하자나 ,2024-01-01,223.39,13,ㅇㅇ,Tsx 공연자 중 첫공연 포스트말론이긔 왜 포말론이게?,,1,https://gall.dcinside.com/board/view/?id=bts&no=10755113&page=19926,218
방탄소년단, 너해 너먼저해 허허거리다가 결정적일때 난 안해 이럼 오히려 꾹같은 스타일이 다루기가 더 쉽긔 ,2024-01-01,118.235,4,ㅇㅇ,좆간중에서도 삐같은 허허충이 무서운게,,1,https://gall.dcinside.com/board/view/?id=bts&no=10755123&page=19926,214
방탄소년단, 크리에이터가 저렇게 많은 줄 몰랐 ㅌㅌ은 안하니까 상관없는데 너투버 중 아는 사람도 있어서 좀 충격 앞으로 좀더 현명하고 신중한 소빌 해야할 듯 노골적으로 돈으로 돈을 불러오려는 구조 짱나 ,2024-01-01,39.7,2,ㅇㅇ,샌박 소속 ,,0,https://gall.dcinside.com/board/view/?id=bts&no=10755134&page=19925,118
방탄소년단, ㄹㅇ ,2024-01-01,106.101,1,ㅇㅇ,탐스도 찜이나갓어야했어. 케이팝 기강잡았어야지!,,0,https://gall.dcinside.com/board/view/?id=bts&no=10755144&page=19925,163
방탄소년단, ,2024-01-01,223.38,6,ㅇㅇ,사이비 교주 한명 어제 뒤졌다는데 이승헌이는 언제 뒤지노,,0,https://gall.dcinside.com/board/view/?id=bts&no=10755154&page=19925,150
방탄소년단, ㅋㅋㅋ ,2024-01-01,106.101,0,ㅇㅇ,또 투명하게 삐플 만드려고 하노,,0,https://gall.dcinside.com/board/view/?id=bts&no=10755166&page=19925,79
방탄소년단, 판해체까지 시킨거지 말은 바로 하시긔 ,2024-01-01,223.39,57,ㅇㅇ,찜이 뿡판 다시 살려냈는데 꾹이 그걸 몽땅 피빨고,,0,https://gall.dcinside.com/board/view/?id=bts&no=10755177&page=19925,352
방탄소년단, 화제성은 찜이랑 뿡 군지 이슈 ,2024-01-01,223.38,2,ㅇㅇ,꾹 솔로활동 그렇게 퍼먹이고 뒷광고를 해도,,0,https://gall.dcinside.com/board/view/?id=bts&no=10755190&page=19925,60
방탄소년단, ㅋ ,2024-01-01,106.101,0,방갤러,와꾸까지 빻은 새끼,,0,https://gall.dcinside.com/board/view/?id=bts&no=10755206&page=19925,34
방탄소년단, 찜아 니가 너무 잘난죄다 ,2024-01-01,223.39,1,ㅇㅇ,그저 찜찜ㅋㅋㅋㅋ,,0,https://gall.dcinside.com/board/view/?id=bts&no=10755218&page=19925,47
방탄소년단, 찜 ,2024-01-01,211.234,6,ㅇㅇ,빌보드핫샷 솔로 유일이긔,,0,https://gall.dcinside.com/board/view/?id=bts&no=10755231&page=19924,58
방탄소년단, 다 나와 결국 ,2024-01-01,211.234,5,ㅇㅇ,이렇게 결과로보면 좆치질이 소용없지,,0,https://gall.dcinside.com/board/view/?id=bts&no=10755243&page=19924,55
방탄소년단, ㅇ ,2024-01-01,223.38,0,ㅇㅇ,그러고보니 삐우미 스보지는 어떻게됐노? ,,0,https://gall.dcinside.com/board/view/?id=bts&no=10755252&page=19924,34
방탄소년단, ㅂㅅ들아 ,2024-01-01,211.234,1,ㅇㅇ,갓반인들은 빌보드 집계 1도 관심없어,,0,https://gall.dcinside.com/board/view/?id=bts&no=10755260&page=19924,43
방탄소년단, 경제지 뉴스에 불호로 빅데이터 수집 정산했으면 좆예인 ㅁㅇ뉴스가 최상위 됐어야하긔ㅋㅋ 이년들은 경제 데이터분석가들을 뭔 좆병신으로 아나ㅋㅋ ,2024-01-01,118.235,11,ㅇㅇ,진짜 병신들인가 빅데이터는 불호랑 호 구분해서 수집함,,0,https://gall.dcinside.com/board/view/?id=bts&no=10755269&page=19924,127
방탄소년단, 인기없다고 활동 안한게 아니긔ㅋ ,2024-01-01,223.38,0,ㅇㅇ,찜도 상반기 다 썼잖긔,,4,https://gall.dcinside.com/board/view/?id=bts&no=10755277&page=19924,78
방탄소년단, ㄱ ,2024-01-01,223.38,3,ㅇㅇ,탐스무대 단체때 이미 찜이 다먹었었는데 추억돋네,,1,https://gall.dcinside.com/board/view/?id=bts&no=10755292&page=19924,69
방탄소년단, 극찬 ,2024-01-01,106.101,1,ㅇㅇ,탐스도 찜이나갓어야했어. 케이팝 기강잡았어야지! ,,0,https://gall.dcinside.com/board/view/?id=bts&no=10755303&page=19924,41
방탄소년단, ? ,2024-01-01,112.162,0,방갤러,ㅇㄹ 줌이 누구냐니까?,,0,https://gall.dcinside.com/board/view/?id=bts&no=10755319&page=19924,43
방탄소년단, 그걸 왜해? 저가인데 ㅋㅋㅋㅋ ,2024-01-01,223.38,0,ㅇㅇ,저가커피 안하는게 나은데?,,0,https://gall.dcinside.com/board/view/?id=bts&no=10755334&page=19923,85
방탄소년단, ㄱ ,2024-01-01,223.38,2,ㅇㅇ,요즘 꾹이브평1위하는중이지 기다려보시긔 띵품엠버할거긔,,0,https://gall.dcinside.com/board/view/?id=bts&no=10755349&page=19923,77
방탄소년단, 다들 2024년 목표는 세웠음? 다들 원하는 바가 이루어지는 2024년이 되길 바랍니다 ,2024-01-01,,0,W&^^,다들 happy new year !,royal9192,0,https://gall.dcinside.com/board/view/?id=bts&no=10755365&page=19923,40
방탄소년단, 브평이 뭔 상관 ,2024-01-01,118.235,1,ㅇㅇ,믂 삼성메인 라도 루이비똥,,9,https://gall.dcinside.com/board/view/?id=bts&no=10755377&page=19923,223
방탄소년단, 빡들빡들 할만 하긔 ,2024-01-01,223.38,2,ㅇㅇ,앰버 두개 하는데 다 쩌리라 아무도 안 부러워하긔,,0,https://gall.dcinside.com/board/view/?id=bts&no=10755386&page=19923,121
방탄소년단, 그저 커뮤커뮤 ,2024-01-01,211.234,0,ㅇㅇ,언급많다며 브평도 찜 은딱한테 바로 따임,,0,https://gall.dcinside.com/board/view/?id=bts&no=10755396&page=19923,122
방탄소년단, 어느앰이 이거 소중히 간직하고 있었어? ,2024-01-01,106.102,0,ㅇㅇ,씨발 지금껀지 알았더니 23.3..,,0,https://gall.dcinside.com/board/view/?id=bts&no=10755411&page=19923,162
방탄소년단, 어릴때부터 지금 갤플보니 좆예인하면서도 대부분1위한거 최초도 붙고ㄷㄷ하노 내가 빠는 새끼는 일위 안해도 되니까 분량이나 많았으면ㅜㅜ ,2024-01-01,223.62,15,ㅇㅇ,찜은 1위가 운명인가봄,,1,https://gall.dcinside.com/board/view/?id=bts&no=10755419&page=19923,196
방탄소년단, 댓글못봐 ,2024-01-01,223.39,0,ㅇㅇ,좆소 심리상담 댓분위기는 어떠노,,0,https://gall.dcinside.com/board/view/?id=bts&no=10755428&page=19922,49
방탄소년단, 침 ,2024-01-01,211.234,5,ㅇㅇ,스브스케팝결산 5인의 아티스트,,0,https://gall.dcinside.com/board/view/?id=bts&no=10755437&page=19922,97
방탄소년단, 이걸 이상하다고 생각도 안하고 커뮤 올리는 꼬라지봐 ,2024-01-01,223.39,26,ㅇㅇ,이게 심리상담이야? 가스라이팅이지 ,,0,https://gall.dcinside.com/board/view/?id=bts&no=10755446&page=19922,189
방탄소년단, 우리가 죽어도 역사속 한장면 차지한 찜은 계속 살아서 전해질텐데 그만 포기할때도 됐다 그냥 찜이 탑이야 맘편하게 인정하고 2인자 자리라도 지켜 평화를 갖자 ,2024-01-01,223.38,7,ㅇㅇ,그만 정리해 그냥 찜인정해,,0,https://gall.dcinside.com/board/view/?id=bts&no=10755454&page=19922,73
방탄소년단, 팬들이 만든 브평 저거만 보고 기업이나제품 이미지에 큰돈을 쓰겠냐고 ,2024-01-01,211.234,4,ㅇㅇ,업계마다 관리하는 브평따로 있긔,,0,https://gall.dcinside.com/board/view/?id=bts&no=10755464&page=19922,150
방탄소년단, 가팅 작업봐 ,2024-01-01,118.235,2,방갤러,회사 충성해서 얻은게 팽인데 어디서 개소리야,,0,https://gall.dcinside.com/board/view/?id=bts&no=10755473&page=19922,50
방탄소년단, 옛가수 재탕일거다 ,2024-01-01,118.235,0,방갤러,군백기 5세대 아이돌 올라갈 놈이 없어,,0,https://gall.dcinside.com/board/view/?id=bts&no=10755485&page=19922,49
방탄소년단, 확신의 믂라꾹이었는데 요즘 라도가 좀 애매하긴해 꾹삐 자꾸 묶는게 다뒤진 호모충은 아닐테고 좆소 알바들인듯 ,2024-01-01,223.39,9,ㅇㅇ,진짜 재재계약 믂삐꾹이야?,,0,https://gall.dcinside.com/board/view/?id=bts&no=10755500&page=19922,209
방탄소년단, 이거 언제부터 시행되는거지 ,2024-01-01,113.30,2,ㅇㅇ,군 훈련소 근황이래 ,,0,https://gall.dcinside.com/board/view/?id=bts&no=10755512&page=19921,376
방탄소년단, ,2024-01-01,118.235,13,ㅇㅇ,샌드박스 틱톡은 비싼 바이럴이라고 생각하면 돼,,0,https://gall.dcinside.com/board/view/?id=bts&no=10755525&page=19921,68
방탄소년단, 돈줄하나는 잡아야겠단 집념 네안통해요종토방커뮤에서도그랬고 앞으로나올것도그렇고 믂라쿡임 ,2024-01-01,113.30,7,ㅇㅇ,재재계약픽은  믂라쿡임   삐가 왜 들어감  직원들  희망이지,,0,https://gall.dcinside.com/board/view/?id=bts&no=10755542&page=19921,156
방탄소년단, 최초임 ,2024-01-01,211.234,8,ㅇㅇ,꾹만 잉국 싱글컷도 내줌,,0,https://gall.dcinside.com/board/view/?id=bts&no=10755556&page=19921,90
방탄소년단, ,2024-01-01,223.39,2,ㅇㅇ,뿡갤은 인정 안하겠지만 갠활 하고싶은대로 한 듯 ,,1,https://gall.dcinside.com/board/view/?id=bts&no=10755575&page=19921,65
방탄소년단, ㅋㅋㅋㅋㅋㅋ ,2024-01-01,39.7,15,ㅇㅇ,정크는 운동 다 잘한다고 하더니 군지해서 들통났네,,0,https://gall.dcinside.com/board/view/?id=bts&no=10755589&page=19921,286
방탄소년단, 훈련하는 애들을 왤케 굶겨 ,2024-01-01,39.7,3,ㅇㅇ,삐가 더 달라고 한 이유가 애초에 배식 부족 때문인가 싶네,,0,https://gall.dcinside.com/board/view/?id=bts&no=10755603&page=19921,339
방탄소년단, 예감함 ,2024-01-01,118.235,2,방갤러,오늘 아침에 신내린 아이피가 괴 혐혼 구라보고 좆소 나가구나,,1,https://gall.dcinside.com/board/view/?id=bts&no=10755625&page=19921,147
방탄소년단, ㄹㅇ ,2024-01-01,106.101,7,ㅇㅇ,찜 실어하진안는데 사진만보면 좀 찐따틱해,,9,https://gall.dcinside.com/board/view/?id=bts&no=10755645&page=19921,264
방탄소년단, ㅇ ,2024-01-01,175.223,15,ㅇㅇ,1등과 찐따,,1,https://gall.dcinside.com/board/view/?id=bts&no=10755658&page=19920,240
방탄소년단, ㅋㅋㅋㅋ ,2024-01-01,211.234,11,ㅇㅇ,이거 너무 수준 이하 상담 아니냐고 ㅋㅋ,,0,https://gall.dcinside.com/board/view/?id=bts&no=10755687&page=19920,169
방탄소년단, 그게 샌드박스 ,2024-01-01,211.234,26,ㅇㅇ,좆소픽 멤버 인기주작할려고 팬인플루언서 주작할려는거,,0,https://gall.dcinside.com/board/view/?id=bts&no=10755695&page=19920,163
방탄소년단, 커피차 보낸것 보고 친하고 싶은 사람한테는 지극정성이구나 싶더라 막내라고 올려쳐준 형들만 불쌍 ,2024-01-01,,36,인생은미완성,형들 생축은 한번을 안오면서,makks77,2,https://gall.dcinside.com/board/view/?id=bts&no=10755716&page=19920,320
방탄소년단, 비공요청 ,2024-01-01,211.235,16,ㅇㅇ,좆소 급했구나,,0,https://gall.dcinside.com/board/view/?id=bts&no=10755730&page=19920,448
방탄소년단, ㅠ ,2024-01-01,110.70,1,ㅇㅇ,회사에 돈되는게 망투댄 망고온 망투컴 이러건가,,0,https://gall.dcinside.com/board/view/?id=bts&no=10755743&page=19920,62
방탄소년단, 몸쓰는거 못하는게 더 이상하긔 담이 와서 문제지 ,2024-01-01,223.39,9,ㅇㅇ,찜은 검도 태권도 마샬아츠 ,,0,https://gall.dcinside.com/board/view/?id=bts&no=10755756&page=19920,151
방탄소년단, 꾹 기사도 아닌데 왜 이러는거긔? ,2024-01-01,211.116,189,ㅇㅇ,찜 기사 보고옴,,5,https://gall.dcinside.com/board/view/?id=bts&no=10755784&page=19920,2755
방탄소년단, 향수야말로 고급져야해 사람자체가 ,2024-01-01,211.234,1,ㅇㅇ,찜 향수라인은 절대 못할거같긔 와꾸땜에,,3,https://gall.dcinside.com/board/view/?id=bts&no=10755797&page=19919,103
방탄소년단, 유툽에서 컨텐츠몇개보다가 삐와꾸보고 바로 삐한테 넘어감 ,2024-01-01,211.234,2,ㅇㅇ,입덕얘기하니 고백하는데 띠니 찜팬싸로 입덕했긔,,5,https://gall.dcinside.com/board/view/?id=bts&no=10755811&page=19919,242
방탄소년단, 저기까지가서 진상부리고있노 쪽팔리게 ,2024-01-01,223.39,11,ㅇㅇ,좆소영향력이 덜한데가 경제진데,,0,https://gall.dcinside.com/board/view/?id=bts&no=10755833&page=19919,155
방탄소년단, 참나 ,2024-01-01,211.234,0,ㅇㅇ,난 스워가 아니라 찐 입덕얘긴데 갤플 왜이래,,0,https://gall.dcinside.com/board/view/?id=bts&no=10755848&page=19919,74
방탄소년단, 삐로 넘어갔다는건 어이없어 패스 ,2024-01-01,106.101,7,방갤러,근데 이거 솔직한 글인데,,14,https://gall.dcinside.com/board/view/?id=bts&no=10755868&page=19919,365
방탄소년단, 찜으로 갈아탄 지인있음 ,2024-01-01,106.101,3,방갤러,근데 진짜로  삐와꾸로 입덕했다가,,5,https://gall.dcinside.com/board/view/?id=bts&no=10755883&page=19919,145
방탄소년단, 띠니 라크 입덕이고 뿡갤에 유입 마나서 달리면 잼있긔 정병 글 잘 거르면 돼 꾹븐 입덕 없어서 노무 이상했는데 노무 방가와 다행히 찜삐로 갈아탔다니 언냐는 정상이야 언냐가 찐 정상인게 입덕하게 해준 꾹이 고맙다니 마음이 조금 짠하긔 ,2024-01-01,211.235,3,ㅇㅇ,꾹븐 입덕 언냐 반갑긔,,0,https://gall.dcinside.com/board/view/?id=bts&no=10755900&page=19919,107
방탄소년단, ,2024-01-01,106.102,0,ㅇㅇ,광고주인 기업의 눈치를 보는 그들의 펜은 누구를 위한?,,0,https://gall.dcinside.com/board/view/?id=bts&no=10755909&page=19919,58
방탄소년단, 그게 정상 좆간이긔 ,2024-01-01,211.235,2,ㅇㅇ,입덕해서 갈아탔으면 입덕요정 안패,,0,https://gall.dcinside.com/board/view/?id=bts&no=10755914&page=19919,101
방탄소년단, 찾고 갈아탔는데 3개월 파고 파다보니 큰틀에서 보니 꾹은 진짜가 하나도 없고 성격면에서 자꾸 씹스러운거만 보였긔 좆같은 놈 ,2024-01-01,223.39,7,ㅇㅇ,나 체대옵 꾹사기영업에 입뿡해서 3개월만에 내새끼,,0,https://gall.dcinside.com/board/view/?id=bts&no=10755928&page=19918,76
방탄소년단, 꾹 유지하려면 좆소가 계속 천문학적인 돈을 써야 한다는 거지 보다시피 뿡창들 반응이 없으니 반응도 만들어야 해서 샌드박스 같은 회사와 협업해서 바이럴 작업하는 거구 결국 가짜 반응이라는 거야 ,2024-01-01,223.39,1,ㅇㅇ,하나만 알면 된다,,0,https://gall.dcinside.com/board/view/?id=bts&no=10755945&page=19918,51
방탄소년단, 2023 통으로 ,2024-01-01,211.235,0,ㅇㅇ,앨범 리테일 이제 계산하면 되겠노,,0,https://gall.dcinside.com/board/view/?id=bts&no=10755955&page=19918,68
방탄소년단, 어떻게 저 수많은 관중들속에 앰흑이 하나도 없지 진짜 앰흑들 그지들만 있는거 신기해 ,2024-01-01,,0,ㅇㅇ,수딱이 콘 볼때마다 진짜 존나 신기하고 웃겨,ara010,0,https://gall.dcinside.com/board/view/?id=bts&no=10755966&page=19918,206
방탄소년단, ,2024-01-01,106.102,2,ㅇㅇ,신랄하네,,0,https://gall.dcinside.com/board/view/?id=bts&no=10755979&page=19918,113
방탄소년단, 좆소가 찜 빌보드 1위한 거 먹금하고 기사 하나도 안내줬는데 지랄하노 ,2024-01-01,223.39,2,ㅇㅇ,좆소발 기사같은 소리하네,,0,https://gall.dcinside.com/board/view/?id=bts&no=10755995&page=19918,61
방탄소년단, ,2024-01-01,211.235,9,ㅇㅇ,찜뚠 109개국 ㅊㅋㅊㅋ,,0,https://gall.dcinside.com/board/view/?id=bts&no=10756008&page=19918,136
방탄소년단, ,2024-01-01,106.102,0,ㅇㅇ,광고주 기업의 눈치보며 기사쓰는 언론?,,0,https://gall.dcinside.com/board/view/?id=bts&no=10756024&page=19918,39
방탄소년단, ㆍ ,2024-01-01,223.38,0,ㅇㅇ,커뮤딸 계속치시긔 누군 경제지가 팩트로 얘기해주는데,,1,https://gall.dcinside.com/board/view/?id=bts&no=10756041&page=19917,40
방탄소년단, 기록 조작에도 한계가 있어 ,2024-01-01,118.235,8,방갤러,공중파가 찜으로 결산했어 좆소야 애잔하다 ,,1,https://gall.dcinside.com/board/view/?id=bts&no=10756056&page=19917,77
방탄소년단, ㅇ ,2024-01-01,118.235,0,방갤러,3월 언급량 많기는 했지 이후 뿡도 언급 탄력 받았긔,,0,https://gall.dcinside.com/board/view/?id=bts&no=10756072&page=19917,44
방탄소년단, 글들이 항상 뭔가 자기 망상 속에 있는 것들 같아서 소름이던데 ,2024-01-01,117.111,0,ㅇㅇ,106 뀩무당은 정상생활 가능해? ,,0,https://gall.dcinside.com/board/view/?id=bts&no=10756083&page=19917,26
방탄소년단, ㅋㅋㅋ ,2024-01-01,211.234,2,ㅇㅇ,심리상담사가 미자한테 회사는 수익을 내야하니까 시키는대로 해라 ,,1,https://gall.dcinside.com/board/view/?id=bts&no=10756091&page=19917,39
방탄소년단, 편법은 찜만없고 깔끔함 ,2024-01-01,211.234,21,ㅇㅇ,파헤쳐보면 음판도 찜이 1위긔,,3,https://gall.dcinside.com/board/view/?id=bts&no=10756111&page=19917,189
방탄소년단, 징글징글하게 부비노 ,2024-01-01,223.39,0,ㅇㅇ,뿡갤집착 어쩌노 덬창가서 빠질해,,0,https://gall.dcinside.com/board/view/?id=bts&no=10756128&page=19917,26
방탄소년단, ㅇ ,2024-01-01,118.235,6,방갤러,뀩쥼마 한경만 문제냐 공중파도 죄다 찜으로 결산 마침,,0,https://gall.dcinside.com/board/view/?id=bts&no=10756146&page=19917,42
방탄소년단, 어 ,2024-01-01,211.234,1,ㅇㅇ,여기진짜 찜앰들없네 ㅋㅋㅋㅋㅋ3월이 찜미프리자나 ㅋㅋㅋㅋ,,0,https://gall.dcinside.com/board/view/?id=bts&no=10756199&page=19916,91
방탄소년단, 네 ,2024-01-01,211.234,0,ㅇㅇ,3월 찜미프리 기간임다 ㅋㅋㅋㅋㅋㅋㅋㅋㅋㅋ ,,0,https://gall.dcinside.com/board/view/?id=bts&no=10756210&page=19916,34
방탄소년단, 어 ,2024-01-01,211.234,0,ㅇㅇ,3월 언급량 최고치가 찜미프리덕이네 ㅋㅋㅋㅋㅋㅋ ,,0,https://gall.dcinside.com/board/view/?id=bts&no=10756221&page=19916,35
방탄소년단," 영화로 비교해봐 한미합작 불록버스터 외국 유명배우 주연급섭외 글로벌 마케팅과 무료 이벤트까지. 상영기간 6개월 최다 상영관에 최대 상영스케로 나온 정크를 최다언급 최다 영상송출 최다관객 최다 누적관객수 영업하는 꼴이긔 관객평점 미디어평점 업계평점 모두 마켓팅일환임 그에반해 상영기간도 9일한정 상영관, 상영 스케줄 제한적 마켓팅 전무 가성비제작 김치배우 김치국 영화가 기록세웠는데 좆쿠터 프로젝트가 뭔 역사를 썼다고 지랄하노 프로모로 나온 성적은 블럭버스터급 제작지원 못하면 말짱 도루묵인데 판깔어준거 앵무새처럼 떴다만 언급하면 뭐하긔? ",2024-01-01,118.235,16,ㅇㅇ,좋게봐줘서 비교하자면 이차이긔,,1,https://gall.dcinside.com/board/view/?id=bts&no=10756231&page=19916,144
방탄소년단, ㅇ ,2024-01-01,118.235,0,방갤러,빌보드 올해 송 리믹스싸개 갯수를 봐라 노양심년아,,0,https://gall.dcinside.com/board/view/?id=bts&no=10756242&page=19916,31
방탄소년단, ,2024-01-01,223.38,37,ㅇㅇ,경제지는 좆소 100인의 기자단이 아니네,,0,https://gall.dcinside.com/board/view/?id=bts&no=10756262&page=19916,536
방탄소년단, 오 ,2024-01-01,211.234,2,ㅇㅇ,3월에 난리긴했지 찜미프리빠는플 찜까는플 ㅋㅋㅋㅋㅋㅋ ,,0,https://gall.dcinside.com/board/view/?id=bts&no=10756278&page=19916,35
방탄소년단, 찜은 기사 한 번만 나도 파급 큰 원탑이라 두려운 거?? ,2024-01-01,223.38,4,ㅇㅇ,창구기 기사 개많은데 경제지 찜 언급 한번에 개발작 이유 머긔,,0,https://gall.dcinside.com/board/view/?id=bts&no=10756294&page=19916,58
방탄소년단, 존나 무능해 ,2024-01-01,118.235,14,방갤러,좆소야 너희 계획 다 망함 걍 기획사를 하지마,,0,https://gall.dcinside.com/board/view/?id=bts&no=10756317&page=19915,74
방탄소년단, 그거 앵콜 때문인거잖아.. 근데 찜 덕분에 뿡 업급량 높아진거라고 자딸한다고?? 고맙다 찜앰들아 덕분에 뿡 위상 나락가긴 했다 ,2024-01-01,223.39,2,ㅇㅇ,3월에 찜 언급량 터진게 ,,4,https://gall.dcinside.com/board/view/?id=bts&no=10756356&page=19915,115
방탄소년단, 빨리 흩어지자 ,2024-01-01,118.235,0,방갤러,될만한놈 밀어준다는 좆소 안목 꾹에서 회사 미래를 봤긔,,0,https://gall.dcinside.com/board/view/?id=bts&no=10756401&page=19915,33
방탄소년단, 아이러니 ,2024-01-01,118.235,5,방갤러,뿡셕이 역사를 원해도 역사는 찜이 가져감,,0,https://gall.dcinside.com/board/view/?id=bts&no=10756411&page=19915,40
방탄소년단, ㆍ ,2024-01-01,211.234,0,ㅇㅇ,커뮤딸 계속치시긔 누군 경제지가 팩트로 얘기해주는데,,0,https://gall.dcinside.com/board/view/?id=bts&no=10756435&page=19915,24
방탄소년단, 젤 높았다는거 아님 그때가 찜솔로 때라 그렇게 쓴것일뿐 당시 다른 뿡들도 활동했고ㅋㅋㅋㅋㅋ찜의 언급량이 아니라 뿡의 언급량 기사 그나마도 전년대비 퐉 쭌거 군백기 시작전과 후가 확 차이 ,2024-01-01,118.235,0,ㅇㅇ,기사가 뿡 언급량이 3월에,,0,https://gall.dcinside.com/board/view/?id=bts&no=10756455&page=19915,86
방탄소년단, ㅋㅋㅋㅋㅋㅋ ,2024-01-01,211.234,0,ㅇㅇ,그러게 먹금좀하지 얼마나팼길래 ㅋㅋㅋㅋㅋㅋ ,,0,https://gall.dcinside.com/board/view/?id=bts&no=10756474&page=19915,39
방탄소년단, 올해부터 라도의 해라고 진짜 원탑 먹겠다고 출사표 던져버리네 ,2024-01-01,210.204,8,방갤러,라도 ㅎㄷㄷ,,0,https://gall.dcinside.com/board/view/?id=bts&no=10756493&page=19915,209
방탄소년단, 저런 빅데이터에 하나도 안잡히는거보니 ,2024-01-01,211.234,0,ㅇㅇ,삐는 하는거존나많았는데 어디서도 화제성없다더니 역시맞네,,0,https://gall.dcinside.com/board/view/?id=bts&no=10756506&page=19914,59
방탄소년단, 여기 기록이 역사이고 찐이긔 ,2024-01-01,118.235,7,방갤러,후대 역사기록물로 남기는게 케벡수 영상실록임,,0,https://gall.dcinside.com/board/view/?id=bts&no=10756518&page=19914,74
방탄소년단, 찜 앨범도 나온달이네 ,2024-01-01,211.234,0,ㅇㅇ,3월은 꾹이 라방도 존나많이오고 삐 화보도 나왔고,,1,https://gall.dcinside.com/board/view/?id=bts&no=10756532&page=19914,118
방탄소년단, ㅋㅋㅋㅋㅋㅋ ,2024-01-01,211.234,1,ㅇㅇ,빅데이터에 부정적인거도 잡히는거면 먹금이 최고이네 ㅋㅋㅋㅋㅋㅋ ,,0,https://gall.dcinside.com/board/view/?id=bts&no=10756540&page=19914,44
방탄소년단, ,2024-01-01,118.235,3,ㅇㅇ,좆소가 그렇게도 푸시해서 성적만들었는데 대중은 무관심이었단거네,,0,https://gall.dcinside.com/board/view/?id=bts&no=10756556&page=19914,84
방탄소년단, ㅇ ,2024-01-01,118.235,2,방갤러,영상실록 모르면 무식한거지 매해 갓반인들 결산식으로 봄,,0,https://gall.dcinside.com/board/view/?id=bts&no=10756569&page=19914,38
방탄소년단, ,2024-01-01,118.235,26,ㅇㅇ,kbs 영상실록 뿡18년도 ,,0,https://gall.dcinside.com/board/view/?id=bts&no=10756582&page=19914,527
방탄소년단, ㅋㅋㅋㅋㅋㅋ ,2024-01-01,118.235,4,방갤러,같그룹 핫백 1위 두명도 기록인데 왜 안넣었겠니 논란곡 배제,,0,https://gall.dcinside.com/board/view/?id=bts&no=10756591&page=19914,71
방탄소년단, ㅇㅇ공화국 ,2024-01-01,106.102,0,ㅇㅇ,이런일이 있었네,,0,https://gall.dcinside.com/board/view/?id=bts&no=10756608&page=19913,106
방탄소년단, ㅋㅋㅋㅋㅋ ,2024-01-01,211.234,0,ㅇㅇ,조선왕.조실.록이 베셀은 아니자나여 ,,0,https://gall.dcinside.com/board/view/?id=bts&no=10756619&page=19913,29
방탄소년단, ㅋㅋㅋㅋㅋㅋㅋㅋㅋㅋ ,2024-01-01,211.234,0,ㅇㅇ,관심없긴 이틀째 지랄이고 댓테러로 절정인데,,0,https://gall.dcinside.com/board/view/?id=bts&no=10756630&page=19913,28
방탄소년단, 정신병잔줄 알듯 ㅋㅋㅋ ,2024-01-01,106.102,0,ㅇㅇ,지 잦편한테 조선왕조실록같은 티비프로그램이 있다고 해보지,,0,https://gall.dcinside.com/board/view/?id=bts&no=10756650&page=19913,29
방탄소년단, 그치 ,2024-01-01,118.235,1,방갤러,사료라서 아무곡이나 안넣어주나봐 김치 국민 자존심인데,,0,https://gall.dcinside.com/board/view/?id=bts&no=10756660&page=19913,45
방탄소년단, ㅇ ,2024-01-01,106.102,0,ㅇㅇ,kbs편집팀이 역대왕급으로 대단한가보지 그저 찜천지 ㄷ,,0,https://gall.dcinside.com/board/view/?id=bts&no=10756676&page=19913,42
방탄소년단, 할머니ㅋㅋㅋㅋㅋㅋ ,2024-01-01,118.235,2,방갤러,그 매체 자료도 후대 사료에 남기고 싶어 올리는거잖아,,0,https://gall.dcinside.com/board/view/?id=bts&no=10756692&page=19913,32
방탄소년단, 이것도 케벡수 한국인 사라지는 음식자료 남기는중이야 ,2024-01-01,118.235,2,방갤러,할머니들이라 한국인의 밥상 말해야 알아먹구나,,0,https://gall.dcinside.com/board/view/?id=bts&no=10756705&page=19913,45
방탄소년단, 무섭기 ,2024-01-01,118.235,0,ㅇㅇ,세종대왕님을 사탄만드는거야?,,1,https://gall.dcinside.com/board/view/?id=bts&no=10756714&page=19912,40
방탄소년단, 영상 기록물 케벡수 사업 일환임 영상 기록믈 사료 만들기 ,2024-01-01,118.235,2,방갤러,뀩 할모니 눈높이 맞춰서 설명 한국인의 밥상은 사라지는 먹거리,,0,https://gall.dcinside.com/board/view/?id=bts&no=10756726&page=19912,45
방탄소년단, 어제 저아줌마 호통치는거보고 하루만에 왔는데 바로 튀어나와서 호통침ㄷㄷ갤을 한시도 안떠나는게 가능한거긔? ,2024-01-01,223.62,0,ㅇㅇ,211.234 찜천지 임원아줌마 뿡갤 한번도 벗어난적 없나봐,,0,https://gall.dcinside.com/board/view/?id=bts&no=10756736&page=19912,22
방탄소년단, 드릐워 ,2024-01-01,211.234,1,ㅇㅇ,게이창놈이 무슨 실록이야,,1,https://gall.dcinside.com/board/view/?id=bts&no=10756750&page=19912,45
방탄소년단, 최근 ,2024-01-01,106.101,0,방갤러,세젤미 이렇대,,0,https://gall.dcinside.com/board/view/?id=bts&no=10756764&page=19912,79
방탄소년단, 211.234 저 아줌마 정신병이야 아님 바이럴이야 ,2024-01-01,223.62,1,ㅇㅇ,찜천지 임원이라도 한시도 쉬지않고 갤에 있는게 가능한일이긔?,,0,https://gall.dcinside.com/board/view/?id=bts&no=10756779&page=19912,29
방탄소년단, 좆간들이 유독 그런거에 관심이 없긴함 ,2024-01-01,211.234,1,ㅇㅇ,0퍼면 몇백명이나 봤을까,,0,https://gall.dcinside.com/board/view/?id=bts&no=10756790&page=19912,25
방탄소년단, 캡쳐하면 안돼? ,2024-01-01,223.62,0,ㅇㅇ,내가 뭘건들었다는거긔? 그냥 찜천지가 쓴글 캡쳐해서 올린건데,,0,https://gall.dcinside.com/board/view/?id=bts&no=10756802&page=19912,47
방탄소년단, ㅇ ,2024-01-01,118.235,0,방갤러,사료니깐 몇백년후가 아닌 천년이상 보존을 생각할걸,,0,https://gall.dcinside.com/board/view/?id=bts&no=10756811&page=19912,29
방탄소년단, 하루간격으로 아무때나 들어와도 저 아줌마 호통치고 있다니까? 저 아줌마 쓰러지는거 아니긔?  ,2024-01-01,223.62,3,ㅇㅇ,211.234찜천지 아줌마 갤질 언제쉬냐고 존나 심각해 진짜,,0,https://gall.dcinside.com/board/view/?id=bts&no=10756818&page=19911,32
방탄소년단, ,2024-01-01,118.235,4,ㅇㅇ,찜은 이런 좆기팬들이 많아서 미래가 밝음,,0,https://gall.dcinside.com/board/view/?id=bts&no=10756834&page=19911,180
방탄소년단, ㅇ ,2024-01-01,118.235,0,방갤러,올해 결산만봐도 바이럴 작업 소용없다는것 나옴,,0,https://gall.dcinside.com/board/view/?id=bts&no=10756849&page=19911,29
방탄소년단, 머중은 개뿔 차트아웃직전에 알람  ,2024-01-01,118.235,1,ㅇㅇ,월드컵송도 ㄱㄱ로 돌려줬자노,,0,https://gall.dcinside.com/board/view/?id=bts&no=10756860&page=19911,61
방탄소년단, 노노 ,2024-01-01,106.101,0,방갤러,대세는 연옌들 사이에서도 자주 언급되지 느그 찜은 누가,,1,https://gall.dcinside.com/board/view/?id=bts&no=10756880&page=19911,33
방탄소년단, ㅇ ,2024-01-01,106.101,1,방갤러,송다찜 빼박이라며 ,,2,https://gall.dcinside.com/board/view/?id=bts&no=10756894&page=19911,65
방탄소년단, ㅇ ,2024-01-01,106.101,0,방갤러,찜도 뚱녀앰보단 송다가 좋대,,1,https://gall.dcinside.com/board/view/?id=bts&no=10756912&page=19911,35
방탄소년단, ㅇ ,2024-01-01,106.101,0,방갤러,찜앰들은 주작의 달인이라며,,0,https://gall.dcinside.com/board/view/?id=bts&no=10756941&page=19911,19
방탄소년단, 꾹패네 ,2024-01-01,211.234,1,ㅇㅇ,실록 다 빨았나봐,,1,https://gall.dcinside.com/board/view/?id=bts&no=10756959&page=19910,49
방탄소년단, ㅇ ,2024-01-01,106.101,0,방갤러,요즘 대세 아이돌 꾹이긔 만년돌이긔,,0,https://gall.dcinside.com/board/view/?id=bts&no=10756967&page=19910,18
방탄소년단, 좆소 새끼 안챙기노 ,2024-01-01,118.235,1,ㅇㅇ,샌드박스 아직이야?,,1,https://gall.dcinside.com/board/view/?id=bts&no=10756975&page=19910,48
방탄소년단, 꾹븐 2023년 인기노래 찜노래 김치솔로 최초 빌보지 핫백1위노래 ,2024-01-01,39.7,1,ㅇㅇ,꾹븐하고 찜노래비교,,0,https://gall.dcinside.com/board/view/?id=bts&no=10756982&page=19910,77
방탄소년단, ㅇ ,2024-01-01,106.101,1,방갤러,앰들이 올려치기하면 뭐하노 찜이 다 말아먹는디,,0,https://gall.dcinside.com/board/view/?id=bts&no=10756993&page=19910,26
방탄소년단, 딴뿡소환ㅉㅉ미친년들 ,2024-01-01,118.235,0,ㅇㅇ,또또 지들끼리 쳐싸우다,,0,https://gall.dcinside.com/board/view/?id=bts&no=10757008&page=19910,28
방탄소년단, ㅇ ,2024-01-01,106.101,0,방갤러,여기저기 세븐 3d 스탠딩 넥스 넘 많이 나와 놈 햄볶해,,0,https://gall.dcinside.com/board/view/?id=bts&no=10757019&page=19910,26
방탄소년단, 뿡창들에겐 수치스러웠던 리믹스싸개와 페이올라를 자꾸 올려치기하네 ,2024-01-01,211.116,0,ㅇㅇ,뿡갤 진심 꾹갤이구나,,0,https://gall.dcinside.com/board/view/?id=bts&no=10757030&page=19910,21
방탄소년단, 이것도 큰의미임 ,2024-01-01,39.7,15,ㅇㅇ,찜노래가 김치곡인거,,0,https://gall.dcinside.com/board/view/?id=bts&no=10757040&page=19909,272
방탄소년단, ,2024-01-01,223.62,2,ㅇㅇ,대중성있는 메보가 기계안돌리면 585위 ㅜㅜㅜ,,0,https://gall.dcinside.com/board/view/?id=bts&no=10757054&page=19909,84
방탄소년단, ,2024-01-01,223.62,0,ㅇㅇ,자칭원탑뿡메보가 아이튠즈15개국한건 쳐맞지도않노 ㅜㅜㅜ,,0,https://gall.dcinside.com/board/view/?id=bts&no=10757066&page=19909,21
방탄소년단, ,2024-01-01,223.62,1,ㅇㅇ,대중성있는 메보가 기계안돌리면 585위 ㅜㅜㅜ,,0,https://gall.dcinside.com/board/view/?id=bts&no=10757082&page=19909,38
방탄소년단, ,2024-01-01,211.234,5,ㅇㅇ,어셔꾹내고 에어6퍼돌려 79위더니 다시 나락이노 ,,0,https://gall.dcinside.com/board/view/?id=bts&no=10757096&page=19909,46
방탄소년단, 부럽노 강푸쉬 ,2024-01-01,223.38,0,ㅇㅇ,좆소가 삐는 콜랍 빌보드 핫백 들라고 지금 내준거잖아,,1,https://gall.dcinside.com/board/view/?id=bts&no=10757113&page=19909,57
방탄소년단, 대중성이 있어야 성공하지 ,2024-01-01,39.7,4,ㅇㅇ,찜은 비호감이라 단체원하는거야 앰들이 백날 씹원탑 염불해봐라,,3,https://gall.dcinside.com/board/view/?id=bts&no=10757130&page=19909,41
방탄소년단, 서른줄 먹은 지금 좆돌로 끝인거 지도 알걸 ,2024-01-01,39.7,4,ㅇㅇ,찜같은와꾸로 개그도못치고 그렇다고 실력이 있는것도 아니니,,0,https://gall.dcinside.com/board/view/?id=bts&no=10757140&page=19909,37
방탄소년단, ,2024-01-01,223.62,7,ㅇㅇ,대중성있는 메보가 기계안돌리면 585위 ㅜㅜㅜ,,0,https://gall.dcinside.com/board/view/?id=bts&no=10757155&page=19909,48
방탄소년단, 무대 존못 ㅋㅋㅋㅋ ,2024-01-01,223.38,0,ㅇㅇ,얼굴로 춤추는 삐저씨를 누가 본다고ㅋ,,0,https://gall.dcinside.com/board/view/?id=bts&no=10757164&page=19908,68
방탄소년단, ㄴ ,2024-01-01,211.234,0,ㅇㅇ,찜도 5주했긔 차트인했을걸ㅋㅋㅋㅋㅋㅋㅋㅋㅋㅋ ,,0,https://gall.dcinside.com/board/view/?id=bts&no=10757176&page=19908,75
방탄소년단, ,2024-01-01,118.235,8,ㅇㅇ,꾹 에어도 뚫어줬는데도  99위 미친다ㅋㅋㅋㅋㅋㅋㅋㅋ,,0,https://gall.dcinside.com/board/view/?id=bts&no=10757186&page=19908,88
방탄소년단, ,2024-01-01,223.62,0,ㅇㅇ,3천만원짜리 목걸이품절 vs.반값쎄일도 노품절 꾹광고없는이유,,0,https://gall.dcinside.com/board/view/?id=bts&no=10757200&page=19908,50
방탄소년단, 1년을 신청해도 0이더라 ,2024-01-01,211.234,9,ㅇㅇ,난 내새끼 에어 앞대가리 1 보는게 소원이라,,0,https://gall.dcinside.com/board/view/?id=bts&no=10757212&page=19908,57
방탄소년단, 찜 오가닉 빌본1등 찜 순수 팬으로 사람들에게 사랑받아 성공한 찜 ,2024-01-01,58.29,6,ㅇㅇ,김치역사상 가장 성공한뮤지션 찜이다. 바이럴들아 외워 조작질하지말고,,1,https://gall.dcinside.com/board/view/?id=bts&no=10757224&page=19908,156
방탄소년단, 알고지낸다고? ,2024-01-01,106.102,2,ㅇㅇ,괴 여동생 찜 남동생이 뭐라고?,,1,https://gall.dcinside.com/board/view/?id=bts&no=10757236&page=19908,491
방탄소년단, 그게 더 궁금한데 ,2024-01-01,106.102,1,ㅇㅇ,피독이 왜 리믹스 안 내줬을까 ,,0,https://gall.dcinside.com/board/view/?id=bts&no=10757246&page=19908,93
방탄소년단, 그쿠터 또 뭐있다구 했잖아 ,2024-01-01,211.234,1,ㅇㅇ,언냐들 리믹 또나올수도,,0,https://gall.dcinside.com/board/view/?id=bts&no=10757256&page=19907,225
방탄소년단, 오오 컴포즈앱 가입자 증가분이 일년에 12잔만 마셔주면 아메기준로 연매출 천오백억 돌파하겠노 ㅎㅇㅌ ,2024-01-01,118.235,2,ㅇㅇ,260만명ㄷㄷ,,0,https://gall.dcinside.com/board/view/?id=bts&no=10757268&page=19907,162
방탄소년단, ㅋㅋㅋㅋㅋ ,2024-01-01,118.235,4,방갤러,돈쓰고 99위 품위유지비가 어마어마하긔,,0,https://gall.dcinside.com/board/view/?id=bts&no=10757281&page=19907,44
방탄소년단, 앞으로도 마실 일 없음 ㄹㅇ ,2024-01-01,223.39,3,ㅇㅇ,난 컴포즈 한번도 마셔본적 없음,,3,https://gall.dcinside.com/board/view/?id=bts&no=10757289&page=19907,134
방탄소년단, 힝 ,2024-01-01,211.234,0,ㅇㅇ,컨포즈 앱에 260만명이 다운한번씩만 해줬어도ㅠ,,0,https://gall.dcinside.com/board/view/?id=bts&no=10757301&page=19907,61
방탄소년단, 물타기해 ㄲ팬송 본인이 9월 생일에 가사 요구하고 다음해 6월 13일에 나옴 찜팬송 오래 전 녹음 크리스마스 시즌에 하루 전 공지임 같이 언급되는 거 조차 찜앰들은 소름 돋을 껄 ,2024-01-01,223.38,4,ㅇㅇ,혹시 ㄲ 팬송 진입못해서 속상했었나 왜 자꾸 ,,1,https://gall.dcinside.com/board/view/?id=bts&no=10757312&page=19907,75
방탄소년단, ㅉㄸ ,2024-01-01,118.235,3,방갤러,계약이나 해지해 일도 제대로 못하면서 하루전 공지,,0,https://gall.dcinside.com/board/view/?id=bts&no=10757330&page=19907,71
방탄소년단, 3천5백원 벌라고 알바들은 짜증나지 ,2024-01-01,106.101,0,방갤러,와플 15분 기다리라는데 바뻐 죽겠고만,,0,https://gall.dcinside.com/board/view/?id=bts&no=10757339&page=19907,103
방탄소년단, 핫백안되면서 무슨 하루공지에 나온 팬송가지고 지랄드리머스 월드컵송인데 핫백 못들어간 첫곡임 ,2024-01-01,211.230,4,방갤러,월드컵송으로도 ,,0,https://gall.dcinside.com/board/view/?id=bts&no=10757345&page=19906,66
방탄소년단, ㅇ.50.3 이러고 이것도 앰들이 신청해서 겨우 소수점 꾹은 혼자 적으면 다른뿡의 3배에서 12배임 임팩트데이라는 페이올라하느라고 돈 몇십억 쓴거 몰라? ,2024-01-01,211.230,3,방갤러,다른뿡은 에어가 없음,,0,https://gall.dcinside.com/board/view/?id=bts&no=10757353&page=19906,62
방탄소년단, ㅋㅋㅋ ,2024-01-01,106.101,3,방갤러,컴포즈때문에 디올플은  벗어났네,,0,https://gall.dcinside.com/board/view/?id=bts&no=10757360&page=19906,107
방탄소년단,  ,2024-01-01,106.101,0,ㅇㅇ,콜드브루 라떼는 먹디마 싱겁더라 그냥 라떼먹어,,0,https://gall.dcinside.com/board/view/?id=bts&no=10757372&page=19906,63
방탄소년단, 벌써 다섯시가 넘었노 늦잠자면 이래서 안된다니까 ,2024-01-01,223.38,0,ㅇㅇ,뭐지 한것도 없는데,,0,https://gall.dcinside.com/board/view/?id=bts&no=10757383&page=19906,67
방탄소년단, 외국기업이 뭐하러 똥양키작존못게이들을 쓰겠냐 ,2024-01-01,39.7,2,ㅇㅇ,엠버서더는 솔직히 돈주고 꽂아주는거아냐?,,11,https://gall.dcinside.com/board/view/?id=bts&no=10757392&page=19906,226
방탄소년단, 122새끼 전라도 지진땐 패드립 더럽게 하더니 시혁아 얘들 개념 설치는애들 공론해 122는 61.97 ,2024-01-01,106.102,0,ㅇㅇ,일본 지진은 패드립 없어서 좋네 ,,0,https://gall.dcinside.com/board/view/?id=bts&no=10757401&page=19906,111
방탄소년단, 찾아오는거노 ? ,2024-01-01,211.234,10,ㅇㅇ,근데 담줌들은 저런 좆목은 어떻게 알고,,0,https://gall.dcinside.com/board/view/?id=bts&no=10757412&page=19906,194
방탄소년단, 80년생들이 나이가 그래됨 ,2024-01-01,223.38,1,ㅇㅇ,군대온애들 20대면 엄마는 40대 83년생들 가능함,,1,https://gall.dcinside.com/board/view/?id=bts&no=10757429&page=19906,149
방탄소년단, 누구인지도 모르는 뿡앰 나이로 지랄하면 뭐함 꾹후기 없어서 발작났나봐 뿡 다 물어봤는데 꾹말안한걸 어쩌라고 헤라랑 꾹 60대 1위하는 상황에서 나이스워 의미없다 ,2024-01-01,211.230,2,방갤러,뿡갤 시그줌들 나이에 뿡파면서,,0,https://gall.dcinside.com/board/view/?id=bts&no=10757445&page=19905,61
방탄소년단, 구씹끌고와서 호모거리더니 이제 말도없는 아들스워는 뭐긔 니네진짜 정신병자같애 약쳐먹어진짜 ,2024-01-01,39.7,6,ㅇㅇ,아들이란 얘기가 어디있노 담줌마 날조좀하지마,,0,https://gall.dcinside.com/board/view/?id=bts&no=10757456&page=19905,95
방탄소년단, 놀랍지않냐 아직도 걸그룹 이미지가 강해서 ,2024-01-01,223.38,3,ㅇㅇ,81년생 성유리가 44세야 ㅠ,,0,https://gall.dcinside.com/board/view/?id=bts&no=10757466&page=19905,105
방탄소년단, 스워 스탑 50대냐 60대냐 스워 꼴은 못보갰다 ,2024-01-01,223.39,0,ㅇㅇ,후기 짬앰 40대라고 할께..,,0,https://gall.dcinside.com/board/view/?id=bts&no=10757486&page=19905,108
방탄소년단, 와꾸가 좆창나서 ,2024-01-01,118.235,8,ㅇㅇ,피부가 좋다 머리숱이 많다는 걸로 빠는 이유,,9,https://gall.dcinside.com/board/view/?id=bts&no=10757504&page=19905,172
방탄소년단, 그렇겠지 싶을뿐 ,2024-01-01,223.39,3,ㅇㅇ,피부좋다는건 너무 당연한 얘기라,,0,https://gall.dcinside.com/board/view/?id=bts&no=10757511&page=19905,91
방탄소년단, 앙 ,2024-01-01,39.7,7,ㅇㅇ,찜 갤럽은 10대 여성 남성픽이긔,,1,https://gall.dcinside.com/board/view/?id=bts&no=10757525&page=19905,114
방탄소년단, ㅋㅋㅋ ,2024-01-01,118.235,0,ㅇㅇ,찜 기사 태러하면 뭐하냐 이미 박제됐어,,0,https://gall.dcinside.com/board/view/?id=bts&no=10757548&page=19905,88
방탄소년단, ㅇ ,2024-01-01,118.235,0,방갤러,꾹 어차피 갤럽 들어도 광고 못할텐데 위약금 감당 가능?,,0,https://gall.dcinside.com/board/view/?id=bts&no=10757564&page=19904,38
방탄소년단, 월드는 누구만 올랐던데 ㅎㅎ 찜 또 차트인 ,2024-01-01,222.108,8,ㅇㅇ,오늘 미포티,,1,https://gall.dcinside.com/board/view/?id=bts&no=10757578&page=19904,481
방탄소년단, 스토킹하는거 무섭다 근데 저거보니 괴나갈꺼같네 좆소 ,2024-01-01,110.70,3,ㅇㅇ,찜앱카페 좆별,,0,https://gall.dcinside.com/board/view/?id=bts&no=10757597&page=19904,209
방탄소년단, 느끼한 짱깨상은 못빨긔 ,2024-01-01,211.234,5,ㅇㅇ,담줌들이 와꾸패는거 웃기다니까,,0,https://gall.dcinside.com/board/view/?id=bts&no=10757615&page=19904,93
방탄소년단, 하다보니 재밌네 ㅎㅎ ,2024-01-01,222.108,2,ㅇㅇ,왜 계속 삭제?,,0,https://gall.dcinside.com/board/view/?id=bts&no=10757631&page=19904,171
방탄소년단, 담줌은 아닌듯 ,2024-01-01,211.234,7,ㅇㅇ,돈쓰는거 봐도 이쁜거 맞는데,,0,https://gall.dcinside.com/board/view/?id=bts&no=10757651&page=19904,140
방탄소년단, 없는얘기도 아닌데 뭘 ,2024-01-01,211.234,3,ㅇㅇ,찜와꾸때문에 페리한테도 뿡 줘터졌잖아,,0,https://gall.dcinside.com/board/view/?id=bts&no=10757661&page=19904,47
방탄소년단, 볼때마다 띵작이야 강남스타일 어쩜 그래 ,2024-01-01,,0,인생은미완성,영상실록 싸이 노래랑 같이 나오니 더 좋더라,makks77,1,https://gall.dcinside.com/board/view/?id=bts&no=10757669&page=19904,84
방탄소년단, 어디 함 보자 ,2024-01-01,117.111,18,ㅇㅇ,초창기 얼굴? ,,1,https://gall.dcinside.com/board/view/?id=bts&no=10757692&page=19903,496
방탄소년단, 찜앰 마음대로 굴러가는 갤 ,2024-01-01,223.39,4,ㅇㅇ,뿡갤은 찜 와꾸 올려치는 갤이구나,,0,https://gall.dcinside.com/board/view/?id=bts&no=10757715&page=19903,37
방탄소년단, 존똑 ,2024-01-01,223.38,0,ㅇㅇ,좇본 성형의새 뿡 성형 분석 보면 그러하긔 니네 예상과,,0,https://gall.dcinside.com/board/view/?id=bts&no=10757749&page=19903,97
방탄소년단, 내가 실제로 봄  ,2024-01-01,39.7,20,ㅇㅇ,찜이 남자아이돌중에 실물 미남 1위야,,5,https://gall.dcinside.com/board/view/?id=bts&no=10757768&page=19903,350
방탄소년단, 찜이 제일 낫긔 ,2024-01-01,106.101,17,ㅇㅇ,실물은 뿡중에서는,,3,https://gall.dcinside.com/board/view/?id=bts&no=10757779&page=19903,253
방탄소년단, 하는거 보니뭐 있네 ,2024-01-01,116.126,2,방갤러,승훈이 앰코로 도배,,0,https://gall.dcinside.com/board/view/?id=bts&no=10757788&page=19903,25
방탄소년단, ㄹ ,2024-01-01,223.38,6,ㅇㅇ,찜 마스크는 독특한축에 속하긔 희미해서 비슷한 잦들관 달라,,0,https://gall.dcinside.com/board/view/?id=bts&no=10757799&page=19903,92
방탄소년단, ㅇㅇ ,2024-01-01,106.102,0,ㅇㅇ,찜은 코엽게 생겼긔,,1,https://gall.dcinside.com/board/view/?id=bts&no=10757808&page=19903,55
방탄소년단, 벅지봐봐 깜놀함 ,2024-01-01,106.101,19,방갤러,근데 찜이 안빨릴 이유가 없는듯,,1,https://gall.dcinside.com/board/view/?id=bts&no=10757818&page=19903,385
방탄소년단, 찜매들 와꾸플 돌리는 이유가 뭐임?? ,2024-01-01,223.39,2,ㅇㅇ,갤 분위기 왜 미침??,,2,https://gall.dcinside.com/board/view/?id=bts&no=10757833&page=19902,213
방탄소년단, 우웩~ ,2024-01-01,125.191,1,ㅇㅇ,사이비들 개수작 다보여서 역ㄱ ㅕ움,,0,https://gall.dcinside.com/board/view/?id=bts&no=10757842&page=19902,42
방탄소년단, 왜지웠대?ㅋㅋㅋㅋㅋㅋㅋ ,2024-01-01,118.235,24,ㅇㅇ,이거 갤에서만 얘기 나온거 아님?ㅋㅋㅋㅋㅋㅋㅋㅋ,,0,https://gall.dcinside.com/board/view/?id=bts&no=10757851&page=19902,479
방탄소년단, 뜨고 나서 이상하게 입고다님 ,2024-01-01,223.39,1,ㅇㅇ,뿡 망돌시절엔 옷 잘 입고 다녔는데,,0,https://gall.dcinside.com/board/view/?id=bts&no=10757859&page=19902,98
방탄소년단, 많이바꼈네 ,2024-01-01,211.234,2,ㅇㅇ,데뷔초보다 지금보니 찜 왜케 봊스러워졌노,,0,https://gall.dcinside.com/board/view/?id=bts&no=10757867&page=19902,151
방탄소년단, 스샷타임인가보긔 ,2024-01-01,106.101,3,ㅇㅇ,뿡갤 찜갤 이거하려고 앰코질이지뭐,,1,https://gall.dcinside.com/board/view/?id=bts&no=10757879&page=19902,33
방탄소년단, ㅇㅇ ,2024-01-01,106.101,4,ㅇㅇ,어 세젤미 얘야 그니까 딴새끼얘기 그만 좀 하라고 ,,2,https://gall.dcinside.com/board/view/?id=bts&no=10757893&page=19902,100
방탄소년단, 주디한테 ,2024-01-01,106.101,2,ㅇㅇ,승후니도 비이버 댓달다 걸렸는데,,0,https://gall.dcinside.com/board/view/?id=bts&no=10757902&page=19902,43
방탄소년단, ㅈㄱㄴ ,2024-01-01,223.39,0,ㅇㅇ,뿡중에 제일 섹시한건 누구야?,,1,https://gall.dcinside.com/board/view/?id=bts&no=10757910&page=19901,230
방탄소년단, 6뿡들이 힘들다 못한다 하두 징징거려서 찜만 복근만드는걸로 최종 결정 이후 찜복근땜에 그룹 화제성 쩔고 반응좋아서 다음 앨범땐 7뿡 다 복근만들어 까는 안무들고나옴 근데 그건 또 생각보다 반응 ㅎㅌㅊ여서 이후 복근은 찜만 만듦 갑자기 생각남 복근 만드느라 고생 퍼포땜에 고생 이렇게 이용해먹고 그런 찜을 재계약도 아니고 재재계약안했다고 이렇게 푸대접하는 좆소가 너무 나쁜놈들이라는 생각이 들어서 ,2024-01-01,118.235,36,ㅇㅇ,꿀에팸 뿡피셜) 데뷔때 뿡셕이 7뿡 다 복근 만들라고했는데 ,,4,https://gall.dcinside.com/board/view/?id=bts&no=10757923&page=19901,398
방탄소년단, - dc official App ,2024-01-01,106.101,3,ㅇㅇ,공룡 찜,,1,https://gall.dcinside.com/board/view/?id=bts&no=10757934&page=19901,167
방탄소년단, 굳이 저가커피밖에 없으면 걍 아메 마셔 니들 위해 얘기해준다 ,2024-01-01,211.234,2,ㅇㅇ,저가커피 왠만하면 마시지 마,,8,https://gall.dcinside.com/board/view/?id=bts&no=10757941&page=19901,254
방탄소년단, ㅋㅋ ,2024-01-01,223.38,15,ㅇㅇ,못생기면 대뷰분 귀엽지도 않긔 ㅋㅋㅋ,,0,https://gall.dcinside.com/board/view/?id=bts&no=10757948&page=19901,171
방탄소년단, 요즘 특히 심해 ,2024-01-01,223.39,4,ㅇㅇ,찜은 착즙도 안돼,,0,https://gall.dcinside.com/board/view/?id=bts&no=10757958&page=19901,44
방탄소년단, ,2024-01-01,118.235,5,ㅇㅇ,뿡갤 뿡에서 찜삐 둘만 귀엽다는 찜삐갤인거 인정하자 캡처보고,,0,https://gall.dcinside.com/board/view/?id=bts&no=10757966&page=19901,77
방탄소년단, 메가만 사람바글바글 ,2024-01-01,223.39,0,ㅇㅇ,울동네 메가컴포즈 붙어있는데,,2,https://gall.dcinside.com/board/view/?id=bts&no=10757973&page=19901,117
방탄소년단,  ,2024-01-01,106.101,3,ㅇㅇ,메가는 급식들픽이고 컴포는 중년나이대픽이야 삐로 젊은층 공략하려는거임,,3,https://gall.dcinside.com/board/view/?id=bts&no=10757979&page=19900,76
방탄소년단, 여기선 안마셔봐서 객관적으로 어떰? ,2024-01-01,210.204,1,방갤러,컴포즈 괜찮음?,,2,https://gall.dcinside.com/board/view/?id=bts&no=10757987&page=19900,115
방탄소년단, 을까 의아했긔 ,2024-01-01,223.38,0,ㅇㅇ,뿡 모르는상태에서 뮵을 보는데 드나 첫뷰분 콕눈부분 왜넣었,,0,https://gall.dcinside.com/board/view/?id=bts&no=10757996&page=19900,76
방탄소년단, ㅇ ,2024-01-01,118.235,2,방갤러,컴포즈 맛있네 자주 먹어야겠다,,1,https://gall.dcinside.com/board/view/?id=bts&no=10758007&page=19900,44
방탄소년단, 존맛 ,2024-01-01,118.235,2,방갤러,컴포즈 커피쉐이크 추천한 언니 고마워,,0,https://gall.dcinside.com/board/view/?id=bts&no=10758013&page=19900,115
방탄소년단, 늦어서 와플은 안된대서 그냥온적있긔ㅋㅋ 8시 전에 가야지 ,2024-01-01,211.234,0,ㅇㅇ,띠니 전에 삐가 모델됐대서 기뿐맘으로 밤9시에갔는데,,0,https://gall.dcinside.com/board/view/?id=bts&no=10758026&page=19900,149
방탄소년단, 석류의 청초롬함은 어디갔노 ,2024-01-01,223.39,3,ㅇㅇ,헤어가 이상해서 빻아보이는 건가,,1,https://gall.dcinside.com/board/view/?id=bts&no=10758036&page=19900,137
방탄소년단, ㅋㅋㅋㅋㅋㅋㅋㅋ 어쩌라구 ,2024-01-01,223.39,12,ㅇㅇ,떠들어봐야 찜이 좋은걸,,1,https://gall.dcinside.com/board/view/?id=bts&no=10758053&page=19900,137
방탄소년단, 앙 ,2024-01-01,223.39,4,ㅇㅇ,찜이 좋아,,0,https://gall.dcinside.com/board/view/?id=bts&no=10758072&page=19900,43
방탄소년단, 다같이 뿡창한테 절하자하고 안하고 찜혼자하게 놀려먹는상황이긔  ,2024-01-01,39.7,0,ㅇㅇ,상황,,0,https://gall.dcinside.com/board/view/?id=bts&no=10758085&page=19899,64
방탄소년단, ㅇ ,2024-01-01,106.101,2,방갤러,찜앰들 죄다 늙고 못생겼다며,,0,https://gall.dcinside.com/board/view/?id=bts&no=10758097&page=19899,41
방탄소년단, ,2024-01-01,211.234,1,ㅇㅇ,머야 꾹다시 20계단 떨어진거노 ㅋㅋㅋㅋㅋㅋㅋㅋㅋㅋ ,,0,https://gall.dcinside.com/board/view/?id=bts&no=10758117&page=19899,86
방탄소년단, ㅇ ,2024-01-01,106.101,2,방갤러,찜 본인이 노래 못한다고 인정했는디 앰들이 박박 우겨,,0,https://gall.dcinside.com/board/view/?id=bts&no=10758132&page=19899,34
방탄소년단, ㅇ ,2024-01-01,106.101,1,방갤러,최대낙폭 기사 난 라이크크레이지 찜,,0,https://gall.dcinside.com/board/view/?id=bts&no=10758147&page=19899,23
방탄소년단, 그게 다임 ,2024-01-01,223.39,0,ㅇㅇ,메가커피 유일한 장점은 시럽을 스테비아로 바꿀수 있다는거,,0,https://gall.dcinside.com/board/view/?id=bts&no=10758166&page=19899,42
방탄소년단, ㅇ ,2024-01-01,223.38,3,ㅇㅇ,빌보지 아티스트차트 김치 유일 1위 찜,,1,https://gall.dcinside.com/board/view/?id=bts&no=10758178&page=19899,27
방탄소년단, 까지말고 ,2024-01-01,39.7,3,ㅇㅇ,각자 새끼빨자,,1,https://gall.dcinside.com/board/view/?id=bts&no=10758193&page=19899,56
방탄소년단, ㅇ ,2024-01-01,106.101,1,방갤러,찜 라이크크레이지는 댄스 커버도 없더라,,2,https://gall.dcinside.com/board/view/?id=bts&no=10758207&page=19898,108
방탄소년단, 투표하러가자 ,2024-01-01,211.234,1,ㅇㅇ,찜 주간인기상 지고있네,,2,https://gall.dcinside.com/board/view/?id=bts&no=10758222&page=19898,77
방탄소년단, ,2024-01-01,211.234,0,ㅇㅇ,꾹틱톡은 꾹이만든거도아니고 뿡거쓴건데도 여기없노,,0,https://gall.dcinside.com/board/view/?id=bts&no=10758235&page=19898,34
방탄소년단, ㅇ ,2024-01-01,106.101,1,방갤러,안은진도 꾹 좋대,,0,https://gall.dcinside.com/board/view/?id=bts&no=10758248&page=19898,117
방탄소년단, ㅇ ,2024-01-01,106.101,1,방갤러,희선언냐도 울 꾹이가 좋다는데 뭘,,0,https://gall.dcinside.com/board/view/?id=bts&no=10758262&page=19898,36
방탄소년단, ㅋㅋㅋ ,2024-01-01,223.38,0,ㅇㅇ,주간인기상 어쩌라고ㅋㅋㅋ 음원높은 좇간있어서 안하는데,,0,https://gall.dcinside.com/board/view/?id=bts&no=10758275&page=19898,51
방탄소년단, 연예이랑 엮이면 좆됨 - dc official App ,2024-01-01,106.101,0,ㅇㅇ,연옌들 가세ㄲ언급 조심해야하긔 병크,,0,https://gall.dcinside.com/board/view/?id=bts&no=10758292&page=19898,34
방탄소년단, international 만 삐없음 ,2024-01-01,222.108,5,ㅇㅇ,이시각 아마존 ㅎㅎ,,0,https://gall.dcinside.com/board/view/?id=bts&no=10758301&page=19898,260
방탄소년단, ㅋㅋㅋㅋㅋ어?ㅋㅋㅋ ,2024-01-01,223.39,1,ㅇㅇ,넘사가 왜 돈들여 프로모 안 돌리면 성적이 안나오노ㅋㅋㅋ,,0,https://gall.dcinside.com/board/view/?id=bts&no=10758320&page=19897,57
방탄소년단, 원래 연생 처음 왔을때도 뚱뚱했다그랬자노 데뷔하고나서 다이어트 했다가 연차 좀 차고선 찌고 빠지고 무한반복이었는데 최근 몇년은 예전만큼 뺀 모습도 못봤긔 항상 조금 살쪄서 애매하게 줌마상같은 얼굴ㅇㅇ 머민이도 살쪄서 나오는게 군진데 관리하느라고생이겠노 ,2024-01-01,211.38,3,ㅇㅇ,찜 살찌는 체질인건 죽을때까지 안바뀌나보긔,,5,https://gall.dcinside.com/board/view/?id=bts&no=10758335&page=19897,150
방탄소년단, 대체 인기 비결이 뭐그? ,2024-01-01,117.111,0,ㅇㅇ,꾹이 인기 많아 부럽긔,,0,https://gall.dcinside.com/board/view/?id=bts&no=10758360&page=19897,23
방탄소년단, 작년 새벽플에 누가 쓰고갔었자나 피뎁따두던 캡쳐하던해서 갖고있다가 누가 요청하거나 달라고하면 오픈톡으로 넘기면된다고 자세히 말은 못해주지만 찜믿고 기다리라했는데 더심해지면 모를까 아직 고소관련된건 아니고 쓰일일이 있을거라고했지 자꾸 봊그로나 다른거로 자극해도 넘어가서 플늘리지 말라했어 ,2024-01-01,211.234,5,ㅇㅇ,플늘리지말고 걍 찜앰들은 피뎁만 따,,1,https://gall.dcinside.com/board/view/?id=bts&no=10758377&page=19897,67
방탄소년단, ㅇ ,2024-01-01,106.101,1,방갤러,걍 느그 찜이나 쭉 빠시긔 더이상 유입도 없을텐데,,0,https://gall.dcinside.com/board/view/?id=bts&no=10758393&page=19897,31
방탄소년단, ㆍ ,2024-01-01,211.234,0,ㅇㅇ,삐봐라 ㅋㅋㅋㅋㅋㅋ 좆망,,0,https://gall.dcinside.com/board/view/?id=bts&no=10758407&page=19897,58
방탄소년단,  ,2024-01-01,106.101,0,ㅇㅇ,좆치질의 끝엔 늘 앰코질 지겨워 언제 해체해,,0,https://gall.dcinside.com/board/view/?id=bts&no=10758441&page=19897,25
방탄소년단, ㄹ ,2024-01-01,223.38,1,ㅇㅇ,어셔랑 연합한 콕넥유 에어도3.1 예측 99위 ,,0,https://gall.dcinside.com/board/view/?id=bts&no=10758466&page=19897,39
방탄소년단, ㅇㅇ ,2024-01-01,124.54,0,ㅇㅇ,어셔 내리치지말긔 어셔 대단하긔 ,,0,https://gall.dcinside.com/board/view/?id=bts&no=10758481&page=19897,34
방탄소년단, ,2024-01-01,118.235,1,ㅇㅇ,김정은도 찜이 최고래,,0,https://gall.dcinside.com/board/view/?id=bts&no=10758491&page=19896,58
방탄소년단, 아니면 시그정병들이노 ,2024-01-01,118.235,0,ㅇㅇ,앰코도 돈받고 하는거노,,0,https://gall.dcinside.com/board/view/?id=bts&no=10758499&page=19896,22
방탄소년단, 폰 못쓰구 인편 안되고 어쩌고 ㅋ 국방부까지 좆소가 손썼냐 ,2024-01-01,118.235,2,방갤러,막라까지 군지하니 또 바뀐거야? ,,0,https://gall.dcinside.com/board/view/?id=bts&no=10758512&page=19896,114
방탄소년단, 삐가 한톡 쏘는거 ,2024-01-01,223.38,1,ㅇㅇ,삐 컴포즈 이런것도 있으면 좋겠노,,1,https://gall.dcinside.com/board/view/?id=bts&no=10758534&page=19896,161
방탄소년단, 중 하나 힙업 (물론 비율로 다리가 긴편이긴 하지만 힙업도 한몫함) ,2024-01-01,222.108,19,ㅇㅇ,찜 다리 길어 보이는 이유,,1,https://gall.dcinside.com/board/view/?id=bts&no=10758562&page=19896,402
방탄소년단, 몽골촌놈 ,2024-01-01,211.234,0,ㅇㅇ,확실히 몽골상임,,3,https://gall.dcinside.com/board/view/?id=bts&no=10758586&page=19896,80
방탄소년단, 들어갈때 입구 건너편에 삐생일 전광판도 봤는데 그건 못찍었긔 ㅜㅜ 찜클댄은 지하철 내려가다 내가 뭘 본거지? 후다닥 달려가서 찍음 이 전광판 존나 커 주변에 전광판들 존많이였는데 여기가 젤 컸어 ,2024-01-01,223.39,87,ㅇㅇ,코엑스갔다 찍어 온 찜클댄 전광판 보시긔,,3,https://gall.dcinside.com/board/view/?id=bts&no=10758599&page=19896,998
방탄소년단, 찐 틱톡에 자꾸 저지랄하는거 말이되냐고? 아직 개이브소속사 아티스트고 니들 수입원인데 ㅂㅅ 바이럴짓 에만 신경 쓰지말고 제발 기본적인거나 잘챙겨 씹알아 ,2024-01-01,211.234,3,ㅇㅇ,개이브는 바이럴짓 말고 제대로 하는게 머긔?,,0,https://gall.dcinside.com/board/view/?id=bts&no=10758622&page=19896,29
방탄소년단, ㅇ ,2024-01-01,223.38,0,ㅇㅇ,틱톡코리아에 고치라 신고문의하고 답변 그대로 제보 ,,0,https://gall.dcinside.com/board/view/?id=bts&no=10758764&page=19895,91
방탄소년단, ㅇㅇ ,2024-01-01,223.38,5,ㅇㅇ,검색해 보니까 39분 전에 생겼네 삐앰들 고생했다,,0,https://gall.dcinside.com/board/view/?id=bts&no=10758773&page=19895,122
방탄소년단, 도가텄긔 ,2024-01-01,211.234,7,ㅇㅇ,좆소 패죽이고싶긔 좆간 약올리고 농간하는데,,0,https://gall.dcinside.com/board/view/?id=bts&no=10758783&page=19895,103
방탄소년단, 고인물들 안뒤지노 ,2024-01-01,211.36,12,ㅇㅇ,개좆소 하는짓보면 그냥 쳐망해야되는데 ,,0,https://gall.dcinside.com/board/view/?id=bts&no=10758794&page=19894,82
방탄소년단, ㅇ ,2024-01-01,223.38,7,ㅇㅇ,수익 혹시 손해 있을지도 모르니까 잘 캡박해두시긔,,0,https://gall.dcinside.com/board/view/?id=bts&no=10758806&page=19894,91
방탄소년단, 좆소야죽어 ,2024-01-01,211.234,30,ㅇㅇ,뭐야 좆소가 만들어준게 아니라 자동생성이노,,0,https://gall.dcinside.com/board/view/?id=bts&no=10758815&page=19894,369
방탄소년단, ㅇ ,2024-01-01,223.38,0,ㅇㅇ,리밐도 들어가야 맞긔 리밐도 없고 엉성,,0,https://gall.dcinside.com/board/view/?id=bts&no=10758829&page=19894,79
방탄소년단, ? ,2024-01-01,175.223,0,ㅇㅇ,같은년 아니지?,,0,https://gall.dcinside.com/board/view/?id=bts&no=10758837&page=19894,337
방탄소년단, ㅇ ,2024-01-01,223.38,0,ㅇㅇ,틱톡 쇼하더니 ㅈㄹ하노,,0,https://gall.dcinside.com/board/view/?id=bts&no=10758849&page=19894,149
방탄소년단, ㅇ ,2024-01-01,223.38,0,ㅇㅇ,빡칠게 뭐있노 공식계정에 문의하고 답변받고 제보,,0,https://gall.dcinside.com/board/view/?id=bts&no=10758858&page=19894,113
방탄소년단, 이게 가능한일이긔? 개좆소 진심 하는일이뭐긔? ,2024-01-01,223.39,7,ㅇㅇ,아니 무슨 망돌도아니고,,0,https://gall.dcinside.com/board/view/?id=bts&no=10758867&page=19894,286
방탄소년단, 존나 씹그럽게 방해하노 ,2024-01-01,223.38,72,ㅇㅇ,찜 자막도 삭제했엇고 틱톡도 그렇고 ,,0,https://gall.dcinside.com/board/view/?id=bts&no=10758877&page=19893,335
방탄소년단, 시간이 너무 안가는 느낌 ,2024-01-01,211.246,6,ㅇㅇ,찜깅이 보고싶노,,0,https://gall.dcinside.com/board/view/?id=bts&no=10758887&page=19893,119
방탄소년단, 지표랑 반응은 어쩔수없는듯 ,2024-01-01,118.235,4,ㅇㅇ,여기서 죽어라 까도 노래가 터지니까,,3,https://gall.dcinside.com/board/view/?id=bts&no=10758902&page=19893,84
방탄소년단,   ,2024-01-01,222.121,0,ㅇㅇ,삼천궁녀 세우고 바로 언플  개웃겼음,,0,https://gall.dcinside.com/board/view/?id=bts&no=10758929&page=19893,38
방탄소년단,  ,2024-01-01,106.101,5,ㅇㅇ,약국 4개월을 숨긴거야 대단하노,,0,https://gall.dcinside.com/board/view/?id=bts&no=10758945&page=19893,185
방탄소년단, ㄹ ,2024-01-01,223.38,0,ㅇㅇ,해피새해 ,,0,https://gall.dcinside.com/board/view/?id=bts&no=10758968&page=19893,35
방탄소년단, 이둘이 야금야금 다 해쳐먹는거 문제는 뿡이 우리보다 믂라도 실체를 몰라 ,2024-01-01,117.111,34,ㅇㅇ,믂은  ㄷㅇㄷ신자고 라도는 전라도 찐 카르텔이야 그래서,,0,https://gall.dcinside.com/board/view/?id=bts&no=10759006&page=19892,170
방탄소년단, 보면 좆소내에서도 서로 자기밥그릇 챙기는중 라도인별보고 믂이 깜짝 놀랬고 라도가 멋진거 다 한다고 돌려까는거보면 지금 믂라도도 더 해쳐먹으려고 안달난거 ,2024-01-01,117.111,9,ㅇㅇ,믁은 빠삭할줄 알았는데 라도가 뭔짓하는지 전혀 몰랐던거,,0,https://gall.dcinside.com/board/view/?id=bts&no=10759020&page=19892,107
방탄소년단, 이제 좆소 소속 아닌거 같아서 앱한테 알렸긔 ,2024-01-01,211.234,7,ㅇㅇ,틱톡건 찜앱한테 전달해달라고 했긔,,0,https://gall.dcinside.com/board/view/?id=bts&no=10759036&page=19892,227
방탄소년단," 공통점 : 연예인=욕처먹는 직업, 정치인= 욕처먹는 직업. 차이점 : 연예인=사회적 지위가 낮다, 정치인=사회적 지위가 높다. 차이점 : 연예인=사회적 책임이 낮다, 정치인=사회적 책임이 높다. 차이점 : 연예인=매니저가 1명, 정치인=비서가 10명~30명 . 차이점 : 연예인=수익 사람마다 다름(일부는 정치인보다 많음), 정치인=수익이 고액이며 일정함 . ",2024-01-01,211.186,1,ㅇㅇ,"연예인과 정치인의 공통점, 차이점",,1,https://gall.dcinside.com/board/view/?id=bts&no=10759043&page=19892,47
방탄소년단, 정상적인 뿡갤이되는거야 그리고 좆소랑 믂라도 만행을 알려야해 ,2024-01-01,117.111,8,ㅇㅇ,믂라도만 패 그게 그나마 그나마,,2,https://gall.dcinside.com/board/view/?id=bts&no=10759053&page=19892,110
방탄소년단, 근데 이상하네 갑자기 오늘 왜 샌드박스 이야기 나오고 나서 응 이상하네 많이 보던 수법인데 ,2024-01-01,211.234,19,방갤러,틱톡 해결 안되면 하이브가 방치한거,,0,https://gall.dcinside.com/board/view/?id=bts&no=10759062&page=19892,146
방탄소년단, ㅋㅋㅋㅋㅋㅋㅋㅋㅋㅋㅋㅋㅋㅋㅋㅋㅋㅋㅋㅋㅋㅋ언급조차안됨ㅋㅋㅋㅋㅋㅋ ,2024-01-01,118.235,3,ㅇㅇ,그룹 정체성멤 찜 0표인거 암?ㅋㅋㅋㅋㅋㅋ,,3,https://gall.dcinside.com/board/view/?id=bts&no=10759071&page=19892,360
방탄소년단, 뿡도 비슷한 조건 있을듯 ,2024-01-01,118.235,0,방갤러,씹소가 앨범 2개 내야 계약 만료된다고 피셜 뜸,,1,https://gall.dcinside.com/board/view/?id=bts&no=10759082&page=19892,300
방탄소년단, ㅇㅇ ,2024-01-01,106.102,3,ㅇㅇ,인기 있으면 절대 백수 될 일이 없어,,0,https://gall.dcinside.com/board/view/?id=bts&no=10759098&page=19892,87
방탄소년단, ㅇㅇ ,2024-01-01,106.102,0,ㅇㅇ,꾹은 커뮤에서 바이럴만 빠니까 세일하지,,0,https://gall.dcinside.com/board/view/?id=bts&no=10759105&page=19891,26
방탄소년단, ㅠ ,2024-01-01,223.38,4,ㅇㅇ,삐가 진짜 수요가없다는거 다시알았긔,,3,https://gall.dcinside.com/board/view/?id=bts&no=10759115&page=19891,141
방탄소년단, 쪽팔려 ,2024-01-02,106.102,4,ㅇㅇ,꾹은 뿡의 정체성이 될 수 없어 솔로곡만 봐도 아류작,,0,https://gall.dcinside.com/board/view/?id=bts&no=10759128&page=19891,41
방탄소년단, 가치가 없어 ,2024-01-02,106.102,9,ㅇㅇ,꾹은 실패한 아류작일뿐 ,,0,https://gall.dcinside.com/board/view/?id=bts&no=10759138&page=19891,51
방탄소년단, ㄴ ,2024-01-02,223.38,0,ㅇㅇ,뿡의 정체성은 뒷광고,,0,https://gall.dcinside.com/board/view/?id=bts&no=10759150&page=19891,36
방탄소년단, 18년 10월에 재계약 발표하지 않았나 ,2024-01-01,223.62,0,ㅇㅇ,뿡창들아 10월까지자나 ,,0,http://gall.dcinside.com/board/view/?id=bts&no=10758978&page=19893,115
방탄소년단, 개좆소 일해 빨리 ,2024-01-01,118.235,12,ㅇㅇ,틱톡 저작권 신고도 좆소만 할수 있노,,0,http://gall.dcinside.com/board/view/?id=bts&no=10758993&page=19893,174
방탄소년단, ㆍㆍ ,2024-01-02,223.38,0,ㅇㅇ,삐저러다 빌보지들어가겠노 올뿡이 엄청챙기네,,0,https://gall.dcinside.com/board/view/?id=bts&no=10759161&page=19891,43
방탄소년단, 라도앰은 아닐꺼고 ,2024-01-02,211.235,0,ㅇㅇ,라도팔루자 때 찜 팬년 누구야,,1,https://gall.dcinside.com/board/view/?id=bts&no=10759175&page=19891,131
방탄소년단, 시발 유치하게 ,2024-01-02,211.235,2,ㅇㅇ,창구기 버스 O대 ㅋㅋㅋㅋㅋㅋㅋㅋ,,0,https://gall.dcinside.com/board/view/?id=bts&no=10759189&page=19891,32
방탄소년단, 못 들면 병신이지 ,2024-01-02,223.38,9,ㅇㅇ,삐 빌보지 들어가라고 빈집에 내줬잖아 ,,8,https://gall.dcinside.com/board/view/?id=bts&no=10759207&page=19890,211
방탄소년단, 찜 쩔긔 ,2024-01-02,211.235,2,ㅇㅇ,짱깨앰 탈주 뇌절하니까 코엑스에 광고 했노,,0,https://gall.dcinside.com/board/view/?id=bts&no=10759222&page=19890,85
방탄소년단, 꾹은 좆이브의 정체성이야 뿡의 정체성이 될수가 없어 수치임 ,2024-01-02,223.39,0,ㅇㅇ,뿡의 정체성 ㄴㄴ,,0,https://gall.dcinside.com/board/view/?id=bts&no=10759233&page=19890,47
방탄소년단, 김치인 최초 빌보드 단체 개인 1위로 2023년 영상실록에 기록되는 찜이 애매하다니 이게 무슨 개소리노 찜이 애매하면 느그새끼는 존재자체가 없는거긔 ,2024-01-02,223.39,51,ㅇㅇ,2023 MAMA 남솔 수상자 찜이 애매하다니,,1,https://gall.dcinside.com/board/view/?id=bts&no=10759248&page=19890,626
방탄소년단, ㅋㅋㅋㅋㅋㅋ ,2024-01-02,118.235,2,방갤러,원하면 계약해지 지금이라도 좆소가 발표해 환영함,,0,https://gall.dcinside.com/board/view/?id=bts&no=10759257&page=19890,50
방탄소년단, ㅋㅋㅋㅋㅋㅋ ,2024-01-02,118.235,0,방갤러,좆소야 배임 안걸리고 싶으면 틱톡이랑 디스이즈 일해,,0,https://gall.dcinside.com/board/view/?id=bts&no=10759266&page=19890,38
방탄소년단, 찜원탑 꾹패다 삐패다 찜원탑 안지겝노? 아무 영향력도 없는 소릴 저리 지겹게 해대노 ,2024-01-02,106.101,0,ㅇㅇ,꾹패다 삐패다 찜원탑 꾹패다 삐패다,,0,https://gall.dcinside.com/board/view/?id=bts&no=10759279&page=19890,31
방탄소년단, 그릇이 다르긔 ,2024-01-02,211.234,4,ㅇㅇ,찜정도되면 홀로서기 해야지,,1,https://gall.dcinside.com/board/view/?id=bts&no=10759288&page=19890,110
방탄소년단, ㅇ ,2024-01-02,118.235,1,방갤러,이간질 그만하고 틱톡저작권이랑 디스이즈나 만들어 개좆소야,,0,https://gall.dcinside.com/board/view/?id=bts&no=10759298&page=19889,46
방탄소년단, ,2024-01-02,118.235,0,방갤러,좆드컵송 심지어 인팔려서 반값할인도 함,,0,https://gall.dcinside.com/board/view/?id=bts&no=10759313&page=19889,38
방탄소년단, ,2024-01-02,223.62,1,ㅇㅇ,꾹 머리반응봤긔?,,1,https://gall.dcinside.com/board/view/?id=bts&no=10759322&page=19889,95
방탄소년단, ㅋㅋㅋㅋ ,2024-01-02,223.39,2,ㅇㅇ,찜 군대서 존나 인기많대,,9,https://gall.dcinside.com/board/view/?id=bts&no=10759331&page=19889,496
방탄소년단, ㅇㅇ ,2024-01-02,223.38,0,ㅇㅇ,삐는 군지해서도 모자 안 벗는대,,0,https://gall.dcinside.com/board/view/?id=bts&no=10759344&page=19889,99
방탄소년단, 봊초에서 빨리는게 무슨 의민줄 모르는 할매 ,2024-01-02,118.235,0,ㅇㅇ,뿡 라이징때 커뮤에서 얼마나 까인줄 모르노,,0,https://gall.dcinside.com/board/view/?id=bts&no=10759354&page=19889,54
방탄소년단, 작화 개이쁜데 첫화부터 문란수노 시발아 ㅋㅋ ,2024-01-02,,0,ㅇㅇ,인투더쓰릴 추천한년 나와,ara010,0,https://gall.dcinside.com/board/view/?id=bts&no=10759366&page=19889,142
방탄소년단, ,2024-01-02,118.235,0,방갤러,품절 못 시켜서 한정판 제품 라인도 안나왔나봐,,0,https://gall.dcinside.com/board/view/?id=bts&no=10759375&page=19889,84
방탄소년단, ,2024-01-02,223.62,4,ㅇㅇ,봉랑이가 고소한글 봤는데,,3,https://gall.dcinside.com/board/view/?id=bts&no=10759386&page=19889,298
방탄소년단, 리그전계속하니까 딴뿡앰들이 못도와주서 느금한테 따였노 ,2024-01-02,223.39,0,ㅇㅇ,팬플생일툽 라도 3등이야,,0,https://gall.dcinside.com/board/view/?id=bts&no=10759392&page=19888,224
방탄소년단, 이문란수년아 좀 조숙하라고 ,2024-01-02,,0,ㅇㅇ,개시발 지금 5화보는데 야스씬 몇번이냐,ara010,1,https://gall.dcinside.com/board/view/?id=bts&no=10759406&page=19888,114
방탄소년단, ㄹ ,2024-01-02,118.235,1,방갤러,새벽에도 틱톡 저작권 디스이즈 항의해야해,,0,https://gall.dcinside.com/board/view/?id=bts&no=10759412&page=19888,53
